{
  "hash": "a0834bfb",
  "configHash": "91743ee7",
  "lockfileHash": "34da7b4b",
  "browserHash": "4f4a7f7f",
  "optimized": {
    "@angular/common": {
      "src": "../../../../../../node_modules/@angular/common/fesm2022/common.mjs",
      "file": "@angular_common.js",
      "fileHash": "4945ce20",
      "needsInterop": false
    },
    "@angular/core": {
      "src": "../../../../../../node_modules/@angular/core/fesm2022/core.mjs",
      "file": "@angular_core.js",
      "fileHash": "0a85cd23",
      "needsInterop": false
    },
    "@angular/forms": {
      "src": "../../../../../../node_modules/@angular/forms/fesm2022/forms.mjs",
      "file": "@angular_forms.js",
      "fileHash": "fefe4fa8",
      "needsInterop": false
    },
    "@angular/platform-browser": {
      "src": "../../../../../../node_modules/@angular/platform-browser/fesm2022/platform-browser.mjs",
      "file": "@angular_platform-browser.js",
      "fileHash": "e9e66da8",
      "needsInterop": false
    },
    "@angular/router": {
      "src": "../../../../../../node_modules/@angular/router/fesm2022/router.mjs",
      "file": "@angular_router.js",
      "fileHash": "77915c51",
      "needsInterop": false
    },
    "zone.js": {
      "src": "../../../../../../node_modules/zone.js/fesm2015/zone.js",
      "file": "zone__js.js",
      "fileHash": "83fc95d3",
      "needsInterop": true
    }
  },
  "chunks": {
    "chunk-GBUCLI7Q": {
      "file": "chunk-GBUCLI7Q.js"
    },
    "chunk-4PHNYIBF": {
      "file": "chunk-4PHNYIBF.js"
    },
    "chunk-NL76GVQ6": {
      "file": "chunk-NL76GVQ6.js"
    },
    "chunk-TJFVSI2U": {
      "file": "chunk-TJFVSI2U.js"
    }
  }
}